"–û—Ç–º–µ—Ç–∫–∞ –≤—Ä–µ–º–µ–Ω–∏","1. –ò–∑ –∫–∞–∫–∏—Ö —Å–∏—Å—Ç–µ–º –≤—ã —Å–æ–±–∏—Ä–∞–µ—Ç–µ –¥–∞–Ω–Ω—ã–µ –¥–ª—è –∞–Ω–∞–ª–∏–∑–∞?","2. –ù–∞—Å–∫–æ–ª—å–∫–æ –∫—Ä–∏—Ç–∏—á–Ω–∞ –¥–ª—è –≤–∞—à–∏—Ö –±–∏–∑–Ω–µ—Å-–ø—Ä–æ—Ü–µ—Å—Å–æ–≤ —Å–∏–Ω—Ö—Ä–æ–Ω–∏–∑–∞—Ü–∏—è –¥–∞–Ω–Ω—ã—Ö –≤ —Ä–µ–∞–ª—å–Ω–æ–º –≤—Ä–µ–º–µ–Ω–∏ –ø–æ —Å—Ä–∞–≤–Ω–µ–Ω–∏—é —Å –ø–µ—Ä–∏–æ–¥–∏—á–µ—Å–∫–∏–º –æ–±–Ω–æ–≤–ª–µ–Ω–∏–µ–º?","3. –ö–∞–∫–∏–µ –∏–Ω—Å—Ç—Ä—É–º–µ–Ω—Ç—ã –∏ —Ç–µ—Ö–Ω–æ–ª–æ–≥–∏–∏ –≤—ã –∏—Å–ø–æ–ª—å–∑—É–µ—Ç–µ –¥–ª—è —Ç–µ–∫—É—â–µ–π –∏–Ω—Ç–µ–≥—Ä–∞—Ü–∏–∏ –¥–∞–Ω–Ω—ã—Ö?","4. –ù–∞—Å–∫–æ–ª—å–∫–æ —ç—Ç–∏ –∏—Å–ø–æ–ª—å–∑—É–µ–º—ã–µ –∏–Ω—Å—Ç—Ä—É–º–µ–Ω—Ç—ã –∏ —Ç–µ—Ö–Ω–æ–ª–æ–≥–∏–∏ —É–¥–æ–≤–ª–µ—Ç–≤–æ—Ä—è—é—Ç –≤–∞—à–∏ –ø–æ—Ç—Ä–µ–±–Ω–æ—Å—Ç–∏?","5. –°—Ç–∞–ª–∫–∏–≤–∞–ª–∏—Å—å –ª–∏ –≤—ã —Å –ø—Ä–æ–±–ª–µ–º–∞–º–∏ –ø—Ä–∏ –º–∞—Å—à—Ç–∞–±–∏—Ä–æ–≤–∞–Ω–∏–∏ —Ç–µ–∫—É—â–∏—Ö —Ä–µ—à–µ–Ω–∏–π –ø–æ –∏–Ω—Ç–µ–≥—Ä–∞—Ü–∏–∏?","6. –ö–∞–∫–∏–µ —Ç–∏–ø—ã –ø—Ä–æ–±–ª–µ–º —Å –∫–∞—á–µ—Å—Ç–≤–æ–º –¥–∞–Ω–Ω—ã—Ö –Ω–∞–∏–±–æ–ª–µ–µ —Ä–∞—Å–ø—Ä–æ—Å—Ç—Ä–∞–Ω–µ–Ω—ã?","7. –°—É—â–µ—Å—Ç–≤—É—é—Ç –ª–∏ —É –≤–∞—Å –ø—Ä–∞–≤–∏–ª–∞ –∏–ª–∏ –ø—Ä–æ—Ü–µ—Å—Å—ã –¥–ª—è —É–ø—Ä–∞–≤–ª–µ–Ω–∏—è –∫–∞—á–µ—Å—Ç–≤–æ–º –¥–∞–Ω–Ω—ã—Ö –ø–æ—Å–ª–µ –∏—Ö –∏–Ω—Ç–µ–≥—Ä–∞—Ü–∏–∏?","8. –ö–∞–∫ –≤—ã –æ—Ç—Å–ª–µ–∂–∏–≤–∞–µ—Ç–µ –∫–æ–Ω—Ñ–ª–∏–∫—Ç—ã, –≤–æ–∑–Ω–∏–∫–∞—é—â–∏–µ –∏–∑-–∑–∞ –ø—Ä–æ—Ç–∏–≤–æ—Ä–µ—á–∏–π –≤ –¥–∞–Ω–Ω—ã—Ö –∏–∑ —Ä–∞–∑–Ω—ã—Ö —Å–∏—Å—Ç–µ–º?","9. –ö–∞–∫ –≤—ã —Ä–∞–∑—Ä–µ—à–∞–µ—Ç–µ –∫–æ–Ω—Ñ–ª–∏–∫—Ç—ã, –≤–æ–∑–Ω–∏–∫–∞—é—â–∏–µ –∏–∑-–∑–∞ –ø—Ä–æ—Ç–∏–≤–æ—Ä–µ—á–∏–π –≤ –¥–∞–Ω–Ω—ã—Ö –∏–∑ —Ä–∞–∑–Ω—ã—Ö —Å–∏—Å—Ç–µ–º?","10. –ö–∞–∫ –≤—ã –æ–±–µ—Å–ø–µ—á–∏–≤–∞–µ—Ç–µ –±–µ–∑–æ–ø–∞—Å–Ω–æ—Å—Ç—å –∏ –∫–æ–Ω—Ñ–∏–¥–µ–Ω—Ü–∏–∞–ª—å–Ω–æ—Å—Ç—å –¥–∞–Ω–Ω—ã—Ö –≤ –ø—Ä–æ—Ü–µ—Å—Å–µ –∏–Ω—Ç–µ–≥—Ä–∞—Ü–∏–∏?","11. –ö–∞–∫–∏–µ –≤—ã –∏—Å–ø–æ–ª—å–∑—É–µ—Ç–µ –ø–æ–ª–∏—Ç–∏–∫–∏ –¥–æ—Å—Ç—É–ø–∞ –∫ –∏–Ω—Ç–µ–≥—Ä–∏—Ä–æ–≤–∞–Ω–Ω—ã–º –¥–∞–Ω–Ω—ã–º?","12. –ï—Å–ª–∏ –±—ã –≤—ã –º–æ–≥–ª–∏ —Ä–µ—à–∏—Ç—å –æ–¥–Ω—É —Å–∞–º—É—é –≤–∞–∂–Ω—É—é –ø—Ä–æ–±–ª–µ–º—É, —Å–≤—è–∑–∞–Ω–Ω—É—é —Å —Ä–∞–∑—Ä–æ–∑–Ω–µ–Ω–Ω—ã–º–∏ –¥–∞–Ω–Ω—ã–º–∏, —á—Ç–æ–±—ã —ç—Ç–æ –±—ã–ª–æ?","13. –ö–∞–∫–∏–µ –Ω–æ–≤—ã–µ –∞–Ω–∞–ª–∏—Ç–∏—á–µ—Å–∫–∏–µ –≤–æ–∑–º–æ–∂–Ω–æ—Å—Ç–∏ –∏–ª–∏ –±–∏–∑–Ω–µ—Å-–∏–Ω–∏—Ü–∏–∞—Ç–∏–≤—ã –≤—ã —Å–º–æ–≥–ª–∏ –±—ã —Ä–µ–∞–ª–∏–∑–æ–≤–∞—Ç—å –∏–º–µ—è –µ–¥–∏–Ω–æ–µ —Ö—Ä–∞–Ω–∏–ª–∏—â–µ –∏–Ω—Ç–µ–≥—Ä–∏—Ä–æ–≤–∞–Ω–Ω—ã—Ö –¥–∞–Ω–Ω—ã—Ö?"
"2025/10/20 10:31:39 PM GMT+3","CRM;Excel","–í–∞–∂–Ω–æ","–†—É—á–Ω–æ–µ –≤—ã–ø–æ–ª–Ω–µ–Ω–∏–µ","–ü–æ–ª–Ω–æ—Å—Ç—å—é —É–¥–æ–≤–ª–µ—Ç–≤–æ—Ä—è—é—Ç","–ü–µ—Ä–∏–æ–¥–∏—á–µ—Å–∫–∏","–î—É–±–ª–∏–∫–∞—Ç—ã –¥–∞–Ω–Ω—ã—Ö;–ü—Ä–æ–ø—É—Å–∫–∏ –¥–∞–Ω–Ω—ã—Ö;–ù–µ–∫–æ—Ä—Ä–µ–∫—Ç–Ω—ã–µ –∑–Ω–∞—á–µ–Ω–∏—è","–ï—Å—Ç—å –æ–±–∞ –≤–∞—Ä–∏–∞–Ω—Ç–∞","–ò—Å–ø–æ–ª—å–∑—É–µ—Ç—Å—è —Å—Ä–∞–≤–Ω–µ–Ω–∏–µ –∫–æ–Ω—Ç—Ä–æ–ª—å–Ω—ã—Ö —Å—É–º–º;–ò—Å–ø–æ–ª—å–∑—É–µ—Ç—Å—è —Ä–µ–≥—É–ª—è—Ä–Ω—ã–π –∞—É–¥–∏—Ç","–†–∞–∑—Ä–µ—à–∞–µ—Ç—Å—è –≤—Ä—É—á–Ω—É—é","–®–∏—Ñ—Ä–æ–≤–∞–Ω–∏–µ;–î–≤—É—Ö—Ñ–∞–∫—Ç–æ—Ä–Ω–∞—è –∞—É—Ç–µ–Ω—Ç–∏—Ñ–∏–∫–∞—Ü–∏—è;–°—Ç—Ä–æ–≥–∏–µ –ø–æ–ª–∏—Ç–∏–∫–∏ –ø–∞—Ä–æ–ª–µ–π","–ê—É–¥–∏—Ç –∏ –º–æ–Ω–∏—Ç–æ—Ä–∏–Ω–≥ –¥–æ—Å—Ç—É–ø–∞","–ò—Å–ø–æ–ª—å–∑–æ–≤–∞–Ω–∏–µ AI","–•–∑üòÅ"
"2025/10/20 10:43:25 PM GMT+3","Excel;1–°","–í–∞–∂–Ω–æ","API-–∏–Ω—Ç–µ–≥—Ä–∞—Ü–∏—è;–ò–Ω—Ç–µ–≥—Ä–∞—Ü–∏–æ–Ω–Ω–∞—è —à–∏–Ω–∞ (EBS);–§–∞–π–ª–æ–≤—ã–π –æ–±–º–µ–Ω","–ü–æ–ª–Ω–æ—Å—Ç—å—é —É–¥–æ–≤–ª–µ—Ç–≤–æ—Ä—è—é—Ç","–ü–µ—Ä–∏–æ–¥–∏—á–µ—Å–∫–∏","–î—É–±–ª–∏–∫–∞—Ç—ã –¥–∞–Ω–Ω—ã—Ö;–ù–µ–∫–æ—Ä—Ä–µ–∫—Ç–Ω—ã–µ –∑–Ω–∞—á–µ–Ω–∏—è","–ù–∏—á–µ–≥–æ –∏–∑ –≤—ã—à–µ –ø–µ—Ä–µ—á–∏—Å–ª–µ–Ω–Ω–æ–≥–æ","–ò—Å–ø–æ–ª—å–∑—É–µ—Ç—Å—è —Ä–µ–≥—É–ª—è—Ä–Ω—ã–π –∞—É–¥–∏—Ç","–û–±—ä–µ–¥–∏–Ω–µ–Ω–∏–µ –¥–∞–Ω–Ω—ã—Ö;–ê—Ä–±–∏—Ç—Ä–∞–∂;–ü—Ä–∏–º–µ–Ω–µ–Ω–∏–µ –±–∏–∑–Ω–µ—Å-–ø—Ä–∞–≤–∏–ª","–°—Ç—Ä–æ–≥–∏–µ –ø–æ–ª–∏—Ç–∏–∫–∏ –ø–∞—Ä–æ–ª–µ–π","–†–æ–ª–µ–≤–∞—è –º–æ–¥–µ–ª—å –¥–æ—Å—Ç—É–ø–∞ (RBAC);–î–µ—Ç–∞–ª–∏–∑–∞—Ü–∏—è –¥–æ—Å—Ç—É–ø–∞ –Ω–∞ —É—Ä–æ–≤–Ω–µ –¥–∞–Ω–Ω—ã—Ö","",""
"2025/10/20 11:04:36 PM GMT+3","CRM;ERP;SQL-–±–∞–∑—ã","–í–∞–∂–Ω–æ","API-–∏–Ω—Ç–µ–≥—Ä–∞—Ü–∏—è;–ò–Ω—Ç–µ–≥—Ä–∞—Ü–∏–æ–Ω–Ω–∞—è —à–∏–Ω–∞ (EBS)","–°–∫–æ—Ä–µ–µ —É–¥–æ–≤–ª–µ—Ç–≤–æ—Ä—è—é—Ç","–†–µ–¥–∫–æ","–î—É–±–ª–∏–∫–∞—Ç—ã –¥–∞–Ω–Ω—ã—Ö;–ù–µ—Å–æ–æ—Ç–≤–µ—Ç—Å—Ç–≤–∏–µ —Ñ–æ—Ä–º–∞—Ç–æ–≤","–ï—Å—Ç—å –æ–ø–∏—Å–∞–Ω–Ω—ã–µ –ø—Ä–æ—Ü–µ—Å—Å—ã","–ò—Å–ø–æ–ª—å–∑—É—é—Ç—Å—è –ø—Ä–∞–≤–∏–ª–∞ –≤–∞–ª–∏–¥–∞—Ü–∏–∏ –¥–∞–Ω–Ω—ã—Ö;–ò—Å–ø–æ–ª—å–∑—É–µ—Ç—Å—è –º–æ–Ω–∏—Ç–æ—Ä–∏–Ω–≥ –∏ –ª–æ–≥–∏—Ä–æ–≤–∞–Ω–∏–µ;–ò—Å–ø–æ–ª—å–∑—É–µ—Ç—Å—è —Å—Ä–∞–≤–Ω–µ–Ω–∏–µ –∫–æ–Ω—Ç—Ä–æ–ª—å–Ω—ã—Ö —Å—É–º–º","–†–∞–∑—Ä–µ—à–∞–µ—Ç—Å—è –≤—Ä—É—á–Ω—É—é;–ê—Ä–±–∏—Ç—Ä–∞–∂;–ü—Ä–∏–º–µ–Ω–µ–Ω–∏–µ –±–∏–∑–Ω–µ—Å-–ø—Ä–∞–≤–∏–ª","–®–∏—Ñ—Ä–æ–≤–∞–Ω–∏–µ;–°—Ç—Ä–æ–≥–∏–µ –ø–æ–ª–∏—Ç–∏–∫–∏ –ø–∞—Ä–æ–ª–µ–π;–ü—Ä–∏–Ω—Ü–∏–ø –Ω–∞–∏–º–µ–Ω—å—à–∏—Ö –ø—Ä–∏–≤–∏–ª–µ–≥–∏–π","–ü—Ä–∏–Ω—Ü–∏–ø –Ω–∞–∏–º–µ–Ω—å—à–∏—Ö –ø—Ä–∏–≤–∏–ª–µ–≥–∏–π (PoLP);–ê—É–¥–∏—Ç –∏ –º–æ–Ω–∏—Ç–æ—Ä–∏–Ω–≥ –¥–æ—Å—Ç—É–ø–∞","–ü—Ä–æ–±–ª–µ–º—É –≤–∑–∞–∏–º–Ω—ã—Ö –±–ª–æ–∫–∏—Ä–æ–≤–æ–∫ –ø—Ä–∏ –¥—É–±–ª–∏—Ä–æ–≤–∞–Ω–∏–∏ –¥–∞–Ω–Ω—ã—Ö","–ú–∞—Å—à—Ç–∞–±–∏—Ä–æ–≤–∞–Ω–∏–µ –∏ –±—ã—Å—Ç—Ä–æ –¥–µ–π—Å—Ç–≤–∏–µ —Å–∏—Å—Ç–µ–º"
"2025/10/20 11:30:17 PM GMT+3","ERP;SQL-–±–∞–∑—ã;Excel","–í–∞–∂–Ω–æ","API-–∏–Ω—Ç–µ–≥—Ä–∞—Ü–∏—è;–ò–Ω—Ç–µ–≥—Ä–∞—Ü–∏–æ–Ω–Ω–∞—è —à–∏–Ω–∞ (EBS)","–ü–æ–ª–Ω–æ—Å—Ç—å—é —É–¥–æ–≤–ª–µ—Ç–≤–æ—Ä—è—é—Ç","–ü–µ—Ä–∏–æ–¥–∏—á–µ—Å–∫–∏","–î—É–±–ª–∏–∫–∞—Ç—ã –¥–∞–Ω–Ω—ã—Ö;–ù–µ–∫–æ—Ä—Ä–µ–∫—Ç–Ω—ã–µ –∑–Ω–∞—á–µ–Ω–∏—è;–ë–æ–ª—å—à–æ–π –æ–±—ä–µ–º –¥–∞–Ω–Ω—ã—Ö, –Ω–µ —Ö–≤–∞—Ç–∞–µ—Ç –ø–∞–º—è—Ç–∏","–ï—Å—Ç—å –ø–µ—Ä–µ—á–µ–Ω—å –ø—Ä–∞–≤–∏–ª","–ò—Å–ø–æ–ª—å–∑—É–µ—Ç—Å—è –º–æ–Ω–∏—Ç–æ—Ä–∏–Ω–≥ –∏ –ª–æ–≥–∏—Ä–æ–≤–∞–Ω–∏–µ","–ü—Ä–∏–æ—Ä–∏—Ç–µ—Ç –∏—Å—Ç–æ—á–Ω–∏–∫–∞ (¬´Last-Write-Wins¬ª);–ü—Ä–∏–º–µ–Ω–µ–Ω–∏–µ –±–∏–∑–Ω–µ—Å-–ø—Ä–∞–≤–∏–ª","–î–≤—É—Ö—Ñ–∞–∫—Ç–æ—Ä–Ω–∞—è –∞—É—Ç–µ–Ω—Ç–∏—Ñ–∏–∫–∞—Ü–∏—è","–†–æ–ª–µ–≤–∞—è –º–æ–¥–µ–ª—å –¥–æ—Å—Ç—É–ø–∞ (RBAC);–ö–æ–Ω—Ç—Ä–æ–ª—å –¥–æ—Å—Ç—É–ø–∞ –Ω–∞ –æ—Å–Ω–æ–≤–µ –∞—Ç—Ä–∏–±—É—Ç–æ–≤ (ABAC)","–ò—Å–ø–æ–ª—å–∑–æ–≤–∞–Ω–∏–µ –µ–¥–∏–Ω—ã—Ö —Å–ø—Ä–∞–≤–æ—á–Ω–∏–∫–æ–≤ ","–ü–æ–ª—É—á–µ–Ω–∏–µ –∫–æ—Ä—Ä–µ–∫—Ç–Ω–æ–π –æ—Ç—á—ë—Ç–Ω–æ—Å—Ç–∏ –∏ —Å—Ç–∞—Ç–∏—Å—Ç–∏–∫–∏"
"2025/10/20 11:33:08 PM GMT+3","CRM;ERP;SQL-–±–∞–∑—ã;Excel","–ö—Ä–∏—Ç–∏—á–Ω–æ","API-–∏–Ω—Ç–µ–≥—Ä–∞—Ü–∏—è;–ò–Ω—Ç–µ–≥—Ä–∞—Ü–∏–æ–Ω–Ω–∞—è —à–∏–Ω–∞ (EBS);–ú–∏–∫—Ä–æ—Å–µ—Ä–≤–∏—Å—ã;–§–∞–π–ª–æ–≤—ã–π –æ–±–º–µ–Ω;–†—É—á–Ω–æ–µ –≤—ã–ø–æ–ª–Ω–µ–Ω–∏–µ","–°–∫–æ—Ä–µ–µ —É–¥–æ–≤–ª–µ—Ç–≤–æ—Ä—è—é—Ç","–†–µ–¥–∫–æ","–î—É–±–ª–∏–∫–∞—Ç—ã –¥–∞–Ω–Ω—ã—Ö;–ü—Ä–æ–ø—É—Å–∫–∏ –¥–∞–Ω–Ω—ã—Ö","–ï—Å—Ç—å –æ–±–∞ –≤–∞—Ä–∏–∞–Ω—Ç–∞","–ò—Å–ø–æ–ª—å–∑—É—é—Ç—Å—è –ø—Ä–∞–≤–∏–ª–∞ –≤–∞–ª–∏–¥–∞—Ü–∏–∏ –¥–∞–Ω–Ω—ã—Ö;–ò—Å–ø–æ–ª—å–∑—É–µ—Ç—Å—è –º–æ–Ω–∏—Ç–æ—Ä–∏–Ω–≥ –∏ –ª–æ–≥–∏—Ä–æ–≤–∞–Ω–∏–µ","–†–∞–∑—Ä–µ—à–∞–µ—Ç—Å—è –≤—Ä—É—á–Ω—É—é;–ê—Ä–±–∏—Ç—Ä–∞–∂;–ü—Ä–∏–º–µ–Ω–µ–Ω–∏–µ –±–∏–∑–Ω–µ—Å-–ø—Ä–∞–≤–∏–ª","–®–∏—Ñ—Ä–æ–≤–∞–Ω–∏–µ;–î–≤—É—Ö—Ñ–∞–∫—Ç–æ—Ä–Ω–∞—è –∞—É—Ç–µ–Ω—Ç–∏—Ñ–∏–∫–∞—Ü–∏—è;–°—Ç—Ä–æ–≥–∏–µ –ø–æ–ª–∏—Ç–∏–∫–∏ –ø–∞—Ä–æ–ª–µ–π","–ê—É–¥–∏—Ç –∏ –º–æ–Ω–∏—Ç–æ—Ä–∏–Ω–≥ –¥–æ—Å—Ç—É–ø–∞","–í—ã—Ä–∞–≤–Ω–∏–≤–∞–Ω–∏–µ –¥–∞–Ω–Ω—ã—Ö –≤ –∫–æ–Ω—Å—Ç—Å—Ç–µ–Ω—Ç–Ω–æ—Å—Ç—å","¬∑ 360¬∞ –∫–ª–∏–µ–Ω—Ç: –ü–æ–ª–Ω—ã–π –ø—Ä–æ—Ñ–∏–ª—å –∏–∑ –≤—Å–µ—Ö —Å–∏—Å—Ç–µ–º.
¬∑ –ü—Ä–æ–≥–Ω–æ–∑–∏—Ä–æ–≤–∞–Ω–∏–µ: –û—Ç—Ç–æ–∫ –∫–ª–∏–µ–Ω—Ç–æ–≤, —Å–ø—Ä–æ—Å, –ø–æ–ª–æ–º–∫–∏ –æ–±–æ—Ä—É–¥–æ–≤–∞–Ω–∏—è.
¬∑ –û–ø—Ç–∏–º–∏–∑–∞—Ü–∏—è: –¶–µ–ø–æ—á–∫–∞ –ø–æ—Å—Ç–∞–≤–æ–∫, –∑–∞–ø–∞—Å—ã, –º–æ—à–µ–Ω–Ω–∏—á–µ—Å—Ç–≤–æ."
"2025/10/20 11:36:33 PM GMT+3","CRM;ERP;SQL-–±–∞–∑—ã;Excel;–î—Ä—É–≥–æ–µ ","–í–∞–∂–Ω–æ","API-–∏–Ω—Ç–µ–≥—Ä–∞—Ü–∏—è;–ò–Ω—Ç–µ–≥—Ä–∞—Ü–∏–æ–Ω–Ω–∞—è —à–∏–Ω–∞ (EBS);–ú–∏–∫—Ä–æ—Å–µ—Ä–≤–∏—Å—ã;–§–∞–π–ª–æ–≤—ã–π –æ–±–º–µ–Ω;–†—É—á–Ω–æ–µ –≤—ã–ø–æ–ª–Ω–µ–Ω–∏–µ;–ë—Ä–æ–∫–µ—Ä—ã —Å–æ–æ–±—â–µ–Ω–∏–π ","–ü–æ–ª–Ω–æ—Å—Ç—å—é —É–¥–æ–≤–ª–µ—Ç–≤–æ—Ä—è—é—Ç","–ü–µ—Ä–∏–æ–¥–∏—á–µ—Å–∫–∏","–ü—Ä–æ–ø—É—Å–∫–∏ –¥–∞–Ω–Ω—ã—Ö;–ù–µ–∫–æ—Ä—Ä–µ–∫—Ç–Ω—ã–µ –∑–Ω–∞—á–µ–Ω–∏—è","–ï—Å—Ç—å –æ–±–∞ –≤–∞—Ä–∏–∞–Ω—Ç–∞","–ò—Å–ø–æ–ª—å–∑—É–µ—Ç—Å—è –º–æ–Ω–∏—Ç–æ—Ä–∏–Ω–≥ –∏ –ª–æ–≥–∏—Ä–æ–≤–∞–Ω–∏–µ;–ò—Å–ø–æ–ª—å–∑—É–µ—Ç—Å—è —Å—Ä–∞–≤–Ω–µ–Ω–∏–µ –∫–æ–Ω—Ç—Ä–æ–ª—å–Ω—ã—Ö —Å—É–º–º;–ò—Å–ø–æ–ª—å–∑—É–µ—Ç—Å—è —Ä–µ–≥—É–ª—è—Ä–Ω—ã–π –∞—É–¥–∏—Ç","–ü—Ä–∏–æ—Ä–∏—Ç–µ—Ç –∏—Å—Ç–æ—á–Ω–∏–∫–∞ (¬´Last-Write-Wins¬ª);–†–∞–∑—Ä–µ—à–∞–µ—Ç—Å—è –≤—Ä—É—á–Ω—É—é","–ú–∞—Å–∫–∏—Ä–æ–≤–∞–Ω–∏–µ, —Ç–æ–∫–µ–Ω–∏–∑–∞—Ü–∏—è, –∞–Ω–æ–Ω–∏–º–∏–∑–∞—Ü–∏—è;–°—Ç—Ä–æ–≥–∏–µ –ø–æ–ª–∏—Ç–∏–∫–∏ –ø–∞—Ä–æ–ª–µ–π","–î–µ—Ç–∞–ª–∏–∑–∞—Ü–∏—è –¥–æ—Å—Ç—É–ø–∞ –Ω–∞ —É—Ä–æ–≤–Ω–µ –¥–∞–Ω–Ω—ã—Ö","–°—Ç—Ä—É–∫—Ç—É—Ä–∏—Ä–æ–≤–∞–Ω–∏–µ –¥–∞–Ω–Ω—ã—Ö ","–£–Ω–∏–≤–µ—Ä—Å–∞–ª—å–Ω–æ –Ω–∞—Å—Ç—Ä–∞–∏–≤–∞–µ–º—É—é –æ—Ç–≤–µ—Ç–Ω—É—é —Å–∏—Å—Ç–µ–º—É "
"2025/10/21 4:56:04 AM GMT+3","CRM;ERP;SQL-–±–∞–∑—ã;–û–±–ª–∞—á–Ω—ã–µ —Å–µ—Ä–≤–∏—Å—ã;Excel","–ö—Ä–∏—Ç–∏—á–Ω–æ","API-–∏–Ω—Ç–µ–≥—Ä–∞—Ü–∏—è;–§–∞–π–ª–æ–≤—ã–π –æ–±–º–µ–Ω;–†—É—á–Ω–æ–µ –≤—ã–ø–æ–ª–Ω–µ–Ω–∏–µ","–°–∫–æ—Ä–µ–µ —É–¥–æ–≤–ª–µ—Ç–≤–æ—Ä—è—é—Ç","–†–µ–¥–∫–æ","–ù–µ–∫–æ—Ä—Ä–µ–∫—Ç–Ω—ã–µ –∑–Ω–∞—á–µ–Ω–∏—è","–ù–∏—á–µ–≥–æ –∏–∑ –≤—ã—à–µ –ø–µ—Ä–µ—á–∏—Å–ª–µ–Ω–Ω–æ–≥–æ","–ò—Å–ø–æ–ª—å–∑—É—é—Ç—Å—è –ø—Ä–∞–≤–∏–ª–∞ –≤–∞–ª–∏–¥–∞—Ü–∏–∏ –¥–∞–Ω–Ω—ã—Ö;–ò—Å–ø–æ–ª—å–∑—É–µ—Ç—Å—è –º–æ–Ω–∏—Ç–æ—Ä–∏–Ω–≥ –∏ –ª–æ–≥–∏—Ä–æ–≤–∞–Ω–∏–µ;–ò—Å–ø–æ–ª—å–∑—É–µ—Ç—Å—è —Ä–µ–≥—É–ª—è—Ä–Ω—ã–π –∞—É–¥–∏—Ç","–ü—Ä–∏–æ—Ä–∏—Ç–µ—Ç –∏—Å—Ç–æ—á–Ω–∏–∫–∞ (¬´Last-Write-Wins¬ª);–û–±—ä–µ–¥–∏–Ω–µ–Ω–∏–µ –¥–∞–Ω–Ω—ã—Ö;–†–∞–∑—Ä–µ—à–∞–µ—Ç—Å—è –≤—Ä—É—á–Ω—É—é","–î–≤—É—Ö—Ñ–∞–∫—Ç–æ—Ä–Ω–∞—è –∞—É—Ç–µ–Ω—Ç–∏—Ñ–∏–∫–∞—Ü–∏—è;–°—Ç—Ä–æ–≥–∏–µ –ø–æ–ª–∏—Ç–∏–∫–∏ –ø–∞—Ä–æ–ª–µ–π;–ü—Ä–∏–Ω—Ü–∏–ø –Ω–∞–∏–º–µ–Ω—å—à–∏—Ö –ø—Ä–∏–≤–∏–ª–µ–≥–∏–π","–†–æ–ª–µ–≤–∞—è –º–æ–¥–µ–ª—å –¥–æ—Å—Ç—É–ø–∞ (RBAC);–î–µ—Ç–∞–ª–∏–∑–∞—Ü–∏—è –¥–æ—Å—Ç—É–ø–∞ –Ω–∞ —É—Ä–æ–≤–Ω–µ –¥–∞–Ω–Ω—ã—Ö;–ê—É–¥–∏—Ç –∏ –º–æ–Ω–∏—Ç–æ—Ä–∏–Ω–≥ –¥–æ—Å—Ç—É–ø–∞;–£–ø—Ä–∞–≤–ª–µ–Ω–∏–µ –∂–∏–∑–Ω–µ–Ω–Ω—ã–º —Ü–∏–∫–ª–æ–º –¥–æ—Å—Ç—É–ø–∞","",""
"2025/10/21 8:06:40 AM GMT+3","SQL-–±–∞–∑—ã;Excel","–ö—Ä–∏—Ç–∏—á–Ω–æ","API-–∏–Ω—Ç–µ–≥—Ä–∞—Ü–∏—è","–°–∫–æ—Ä–µ–µ —É–¥–æ–≤–ª–µ—Ç–≤–æ—Ä—è—é—Ç","–ü–µ—Ä–∏–æ–¥–∏—á–µ—Å–∫–∏","–î—É–±–ª–∏–∫–∞—Ç—ã –¥–∞–Ω–Ω—ã—Ö;–ü—Ä–æ–ø—É—Å–∫–∏ –¥–∞–Ω–Ω—ã—Ö;–ù–µ—Å–æ–æ—Ç–≤–µ—Ç—Å—Ç–≤–∏–µ —Ñ–æ—Ä–º–∞—Ç–æ–≤","–ï—Å—Ç—å –ø–µ—Ä–µ—á–µ–Ω—å –ø—Ä–∞–≤–∏–ª","–ò—Å–ø–æ–ª—å–∑—É—é—Ç—Å—è –ø—Ä–∞–≤–∏–ª–∞ –≤–∞–ª–∏–¥–∞—Ü–∏–∏ –¥–∞–Ω–Ω—ã—Ö","–û–±—ä–µ–¥–∏–Ω–µ–Ω–∏–µ –¥–∞–Ω–Ω—ã—Ö","–ú–∞—Å–∫–∏—Ä–æ–≤–∞–Ω–∏–µ, —Ç–æ–∫–µ–Ω–∏–∑–∞—Ü–∏—è, –∞–Ω–æ–Ω–∏–º–∏–∑–∞—Ü–∏—è;–ü—Ä–∏–Ω—Ü–∏–ø –Ω–∞–∏–º–µ–Ω—å—à–∏—Ö –ø—Ä–∏–≤–∏–ª–µ–≥–∏–π","–†–æ–ª–µ–≤–∞—è –º–æ–¥–µ–ª—å –¥–æ—Å—Ç—É–ø–∞ (RBAC);–ü—Ä–∏–Ω—Ü–∏–ø –Ω–∞–∏–º–µ–Ω—å—à–∏—Ö –ø—Ä–∏–≤–∏–ª–µ–≥–∏–π (PoLP);–£–ø—Ä–∞–≤–ª–µ–Ω–∏–µ –∂–∏–∑–Ω–µ–Ω–Ω—ã–º —Ü–∏–∫–ª–æ–º –¥–æ—Å—Ç—É–ø–∞","–ö–æ–Ω–≤–µ—Ä—Ç–∞—Ü–∏—è –≤ –µ–¥–∏–Ω—ã–π —Ñ–æ—Ä–º–∞—Ç –ø—Ä–∏ –ø–æ–ª—É—á–µ–Ω–∏–∏","–£–º–µ–Ω—å—à–µ–Ω–∏–µ —Ä–∞–∑–º–µ—Ä–∞ –±–µ–∫–∞–ø–æ–≤ –∏ –æ—Ç–∫–∞–∑ –∏—Å–ø–æ–ª—å–∑–æ–≤–∞–Ω–∏—è —Ö—Ä–∞–Ω–µ–Ω–∏—è —Å—ã—Ä—ã—Ö –¥–∞–Ω–Ω—ã—Ö –±–µ–∑ –∫–æ–Ω–≤–µ—Ä—Ç–∞—Ü–∏–∏"
"2025/10/21 9:32:19 AM GMT+3","CRM;ERP","–í–∞–∂–Ω–æ","API-–∏–Ω—Ç–µ–≥—Ä–∞—Ü–∏—è;–ò–Ω—Ç–µ–≥—Ä–∞—Ü–∏–æ–Ω–Ω–∞—è —à–∏–Ω–∞ (EBS);–ú–∏–∫—Ä–æ—Å–µ—Ä–≤–∏—Å—ã;–§–∞–π–ª–æ–≤—ã–π –æ–±–º–µ–Ω","–ü–æ–ª–Ω–æ—Å—Ç—å—é —É–¥–æ–≤–ª–µ—Ç–≤–æ—Ä—è—é—Ç","–†–µ–¥–∫–æ","–î—É–±–ª–∏–∫–∞—Ç—ã –¥–∞–Ω–Ω—ã—Ö;–ù–µ–∫–æ—Ä—Ä–µ–∫—Ç–Ω—ã–µ –∑–Ω–∞—á–µ–Ω–∏—è;–ù–µ—Å–æ–æ—Ç–≤–µ—Ç—Å—Ç–≤–∏–µ —Ñ–æ—Ä–º–∞—Ç–æ–≤","–ù–∏—á–µ–≥–æ –∏–∑ –≤—ã—à–µ –ø–µ—Ä–µ—á–∏—Å–ª–µ–Ω–Ω–æ–≥–æ","–ò—Å–ø–æ–ª—å–∑—É—é—Ç—Å—è –ø—Ä–∞–≤–∏–ª–∞ –≤–∞–ª–∏–¥–∞—Ü–∏–∏ –¥–∞–Ω–Ω—ã—Ö;–ò—Å–ø–æ–ª—å–∑—É–µ—Ç—Å—è –º–æ–Ω–∏—Ç–æ—Ä–∏–Ω–≥ –∏ –ª–æ–≥–∏—Ä–æ–≤–∞–Ω–∏–µ","–ü—Ä–∏–æ—Ä–∏—Ç–µ—Ç –∏—Å—Ç–æ—á–Ω–∏–∫–∞ (¬´Last-Write-Wins¬ª);–†–∞–∑—Ä–µ—à–∞–µ—Ç—Å—è –≤—Ä—É—á–Ω—É—é","–ü—Ä–∏–Ω—Ü–∏–ø –Ω–∞–∏–º–µ–Ω—å—à–∏—Ö –ø—Ä–∏–≤–∏–ª–µ–≥–∏–π","–†–æ–ª–µ–≤–∞—è –º–æ–¥–µ–ª—å –¥–æ—Å—Ç—É–ø–∞ (RBAC);–î–µ—Ç–∞–ª–∏–∑–∞—Ü–∏—è –¥–æ—Å—Ç—É–ø–∞ –Ω–∞ —É—Ä–æ–≤–Ω–µ –¥–∞–Ω–Ω—ã—Ö","–î—É–±–ª–∏—Ä–æ–≤–∞–Ω–∏–µ",""
"2025/10/21 10:26:15 AM GMT+3","SQL-–±–∞–∑—ã;–û–±–ª–∞—á–Ω—ã–µ —Å–µ—Ä–≤–∏—Å—ã","–ö—Ä–∏—Ç–∏—á–Ω–æ","–ú–∏–∫—Ä–æ—Å–µ—Ä–≤–∏—Å—ã","–ü–æ–ª–Ω–æ—Å—Ç—å—é —É–¥–æ–≤–ª–µ—Ç–≤–æ—Ä—è—é—Ç","–ù–µ —Å—Ç–∞–ª–∫–∏–≤–∞—é—Å—å","–î—É–±–ª–∏–∫–∞—Ç—ã –¥–∞–Ω–Ω—ã—Ö;–ù–µ–∫–æ—Ä—Ä–µ–∫—Ç–Ω—ã–µ –∑–Ω–∞—á–µ–Ω–∏—è","–ï—Å—Ç—å –æ–±–∞ –≤–∞—Ä–∏–∞–Ω—Ç–∞","–ò—Å–ø–æ–ª—å–∑—É—é—Ç—Å—è –ø—Ä–∞–≤–∏–ª–∞ –≤–∞–ª–∏–¥–∞—Ü–∏–∏ –¥–∞–Ω–Ω—ã—Ö;–ò—Å–ø–æ–ª—å–∑—É–µ—Ç—Å—è –º–æ–Ω–∏—Ç–æ—Ä–∏–Ω–≥ –∏ –ª–æ–≥–∏—Ä–æ–≤–∞–Ω–∏–µ;–ò—Å–ø–æ–ª—å–∑—É–µ—Ç—Å—è —Å—Ä–∞–≤–Ω–µ–Ω–∏–µ –∫–æ–Ω—Ç—Ä–æ–ª—å–Ω—ã—Ö —Å—É–º–º;–ò—Å–ø–æ–ª—å–∑—É–µ—Ç—Å—è —Ä–µ–≥—É–ª—è—Ä–Ω—ã–π –∞—É–¥–∏—Ç","–ü—Ä–∏–º–µ–Ω–µ–Ω–∏–µ –±–∏–∑–Ω–µ—Å-–ø—Ä–∞–≤–∏–ª;–í–µ–∫—Ç–æ—Ä—ã –≤–µ—Ä—Å–∏–π –∏ CRDTs","–®–∏—Ñ—Ä–æ–≤–∞–Ω–∏–µ;–î–≤—É—Ö—Ñ–∞–∫—Ç–æ—Ä–Ω–∞—è –∞—É—Ç–µ–Ω—Ç–∏—Ñ–∏–∫–∞—Ü–∏—è;–°—Ç—Ä–æ–≥–∏–µ –ø–æ–ª–∏—Ç–∏–∫–∏ –ø–∞—Ä–æ–ª–µ–π;–ü—Ä–∏–Ω—Ü–∏–ø –Ω–∞–∏–º–µ–Ω—å—à–∏—Ö –ø—Ä–∏–≤–∏–ª–µ–≥–∏–π","–†–æ–ª–µ–≤–∞—è –º–æ–¥–µ–ª—å –¥–æ—Å—Ç—É–ø–∞ (RBAC);–ü—Ä–∏–Ω—Ü–∏–ø –Ω–∞–∏–º–µ–Ω—å—à–∏—Ö –ø—Ä–∏–≤–∏–ª–µ–≥–∏–π (PoLP);–ê—É–¥–∏—Ç –∏ –º–æ–Ω–∏—Ç–æ—Ä–∏–Ω–≥ –¥–æ—Å—Ç—É–ø–∞","–†–µ–∞–ª–∏–∑–∞—Ü–∏—è –∫–æ–Ω—Ç—Ä–æ–ª—è –¥–æ—Å—Ç—É–ø–∞ –Ω–∞ —É—Ä–æ–≤–Ω–µ –∞—Ç—Ä–∏–±—É—Ç–æ–≤","–ú–æ–∂–Ω–æ –±—ã–ª–æ —Ä–µ–∞–ª–∏–∑–æ–≤–∞—Ç—å –¥–µ—Ç–∞–ª—å–Ω—ã–π –ø—Ä–æ—Ü–µ—Å—Å –º–∞–π–Ω–∏–Ω–≥ "
"2025/10/21 10:51:30 AM GMT+3","CRM;ERP;SQL-–±–∞–∑—ã;–û–±–ª–∞—á–Ω—ã–µ —Å–µ—Ä–≤–∏—Å—ã","–í–∞–∂–Ω–æ","API-–∏–Ω—Ç–µ–≥—Ä–∞—Ü–∏—è;–ò–Ω—Ç–µ–≥—Ä–∞—Ü–∏–æ–Ω–Ω–∞—è —à–∏–Ω–∞ (EBS);–†—É—á–Ω–æ–µ –≤—ã–ø–æ–ª–Ω–µ–Ω–∏–µ","–°–∫–æ—Ä–µ–µ —É–¥–æ–≤–ª–µ—Ç–≤–æ—Ä—è—é—Ç","–†–µ–¥–∫–æ","–ü—Ä–æ–ø—É—Å–∫–∏ –¥–∞–Ω–Ω—ã—Ö;–ù–µ–∫–æ—Ä—Ä–µ–∫—Ç–Ω—ã–µ –∑–Ω–∞—á–µ–Ω–∏—è","–ù–∏—á–µ–≥–æ –∏–∑ –≤—ã—à–µ –ø–µ—Ä–µ—á–∏—Å–ª–µ–Ω–Ω–æ–≥–æ","–ò—Å–ø–æ–ª—å–∑—É–µ—Ç—Å—è —Å—Ä–∞–≤–Ω–µ–Ω–∏–µ –∫–æ–Ω—Ç—Ä–æ–ª—å–Ω—ã—Ö —Å—É–º–º","–†–∞–∑—Ä–µ—à–∞–µ—Ç—Å—è –≤—Ä—É—á–Ω—É—é","–®–∏—Ñ—Ä–æ–≤–∞–Ω–∏–µ;–°—Ç—Ä–æ–≥–∏–µ –ø–æ–ª–∏—Ç–∏–∫–∏ –ø–∞—Ä–æ–ª–µ–π","–î–µ—Ç–∞–ª–∏–∑–∞—Ü–∏—è –¥–æ—Å—Ç—É–ø–∞ –Ω–∞ —É—Ä–æ–≤–Ω–µ –¥–∞–Ω–Ω—ã—Ö","",""
"2025/10/21 11:07:12 AM GMT+3","CRM;SQL-–±–∞–∑—ã","–í–∞–∂–Ω–æ","API-–∏–Ω—Ç–µ–≥—Ä–∞—Ü–∏—è","–ü–æ–ª–Ω–æ—Å—Ç—å—é —É–¥–æ–≤–ª–µ—Ç–≤–æ—Ä—è—é—Ç","–ü–µ—Ä–∏–æ–¥–∏—á–µ—Å–∫–∏","–ü—Ä–æ–ø—É—Å–∫–∏ –¥–∞–Ω–Ω—ã—Ö;–ù–µ–∫–æ—Ä—Ä–µ–∫—Ç–Ω—ã–µ –∑–Ω–∞—á–µ–Ω–∏—è;–ù–µ—Å–æ–æ—Ç–≤–µ—Ç—Å—Ç–≤–∏–µ —Ñ–æ—Ä–º–∞—Ç–æ–≤","–ï—Å—Ç—å –æ–±–∞ –≤–∞—Ä–∏–∞–Ω—Ç–∞","–ò—Å–ø–æ–ª—å–∑—É—é—Ç—Å—è –ø—Ä–∞–≤–∏–ª–∞ –≤–∞–ª–∏–¥–∞—Ü–∏–∏ –¥–∞–Ω–Ω—ã—Ö;–ò—Å–ø–æ–ª—å–∑—É–µ—Ç—Å—è –º–æ–Ω–∏—Ç–æ—Ä–∏–Ω–≥ –∏ –ª–æ–≥–∏—Ä–æ–≤–∞–Ω–∏–µ;–ò—Å–ø–æ–ª—å–∑—É–µ—Ç—Å—è —Å—Ä–∞–≤–Ω–µ–Ω–∏–µ –∫–æ–Ω—Ç—Ä–æ–ª—å–Ω—ã—Ö —Å—É–º–º","–ü—Ä–∏–æ—Ä–∏—Ç–µ—Ç –∏—Å—Ç–æ—á–Ω–∏–∫–∞ (¬´Last-Write-Wins¬ª)","–®–∏—Ñ—Ä–æ–≤–∞–Ω–∏–µ;–ú–∞—Å–∫–∏—Ä–æ–≤–∞–Ω–∏–µ, —Ç–æ–∫–µ–Ω–∏–∑–∞—Ü–∏—è, –∞–Ω–æ–Ω–∏–º–∏–∑–∞—Ü–∏—è","–†–æ–ª–µ–≤–∞—è –º–æ–¥–µ–ª—å –¥–æ—Å—Ç—É–ø–∞ (RBAC)","",""
"2025/10/21 11:14:38 AM GMT+3","–û–±–ª–∞—á–Ω—ã–µ —Å–µ—Ä–≤–∏—Å—ã","–ö—Ä–∏—Ç–∏—á–Ω–æ","–†—É—á–Ω–æ–µ –≤—ã–ø–æ–ª–Ω–µ–Ω–∏–µ","–°–∫–æ—Ä–µ–µ –Ω–µ —É–¥–æ–≤–ª–µ—Ç–≤–æ—Ä—è—é—Ç","–†–µ–¥–∫–æ","–ù–µ—Å–æ–æ—Ç–≤–µ—Ç—Å—Ç–≤–∏–µ —Ñ–æ—Ä–º–∞—Ç–æ–≤","–ï—Å—Ç—å –æ–±–∞ –≤–∞—Ä–∏–∞–Ω—Ç–∞","–ò—Å–ø–æ–ª—å–∑—É–µ—Ç—Å—è —Å—Ä–∞–≤–Ω–µ–Ω–∏–µ –∫–æ–Ω—Ç—Ä–æ–ª—å–Ω—ã—Ö —Å—É–º–º","–†–∞–∑—Ä–µ—à–∞–µ—Ç—Å—è –≤—Ä—É—á–Ω—É—é","–®–∏—Ñ—Ä–æ–≤–∞–Ω–∏–µ","–î–µ—Ç–∞–ª–∏–∑–∞—Ü–∏—è –¥–æ—Å—Ç—É–ø–∞ –Ω–∞ —É—Ä–æ–≤–Ω–µ –¥–∞–Ω–Ω—ã—Ö","–ù–µ –∑–Ω–∞—é",""
"2025/10/21 11:15:33 AM GMT+3","Excel","–í–∞–∂–Ω–æ","API-–∏–Ω—Ç–µ–≥—Ä–∞—Ü–∏—è","–ü–æ–ª–Ω–æ—Å—Ç—å—é –Ω–µ —É–¥–æ–≤–ª–µ—Ç–≤–æ—Ä—è—é—Ç","–ü–µ—Ä–∏–æ–¥–∏—á–µ—Å–∫–∏","–ù–µ—Å–æ–æ—Ç–≤–µ—Ç—Å—Ç–≤–∏–µ —Ñ–æ—Ä–º–∞—Ç–æ–≤","–ï—Å—Ç—å –æ–ø–∏—Å–∞–Ω–Ω—ã–µ –ø—Ä–æ—Ü–µ—Å—Å—ã","–ò—Å–ø–æ–ª—å–∑—É–µ—Ç—Å—è —Ä–µ–≥—É–ª—è—Ä–Ω—ã–π –∞—É–¥–∏—Ç","–ü—Ä–∏–æ—Ä–∏—Ç–µ—Ç –∏—Å—Ç–æ—á–Ω–∏–∫–∞ (¬´Last-Write-Wins¬ª)","–®–∏—Ñ—Ä–æ–≤–∞–Ω–∏–µ","–ê—É–¥–∏—Ç –∏ –º–æ–Ω–∏—Ç–æ—Ä–∏–Ω–≥ –¥–æ—Å—Ç—É–ø–∞","",""
"2025/10/21 11:17:17 AM GMT+3","CRM","–ù–µ –æ—á–µ–Ω—å –≤–∞–∂–Ω–æ","API-–∏–Ω—Ç–µ–≥—Ä–∞—Ü–∏—è","–°–∫–æ—Ä–µ–µ –Ω–µ —É–¥–æ–≤–ª–µ—Ç–≤–æ—Ä—è—é—Ç","–ü–µ—Ä–∏–æ–¥–∏—á–µ—Å–∫–∏","–ù–µ—Å–æ–æ—Ç–≤–µ—Ç—Å—Ç–≤–∏–µ —Ñ–æ—Ä–º–∞—Ç–æ–≤","–ï—Å—Ç—å –æ–ø–∏—Å–∞–Ω–Ω—ã–µ –ø—Ä–æ—Ü–µ—Å—Å—ã","–ò—Å–ø–æ–ª—å–∑—É–µ—Ç—Å—è —Å—Ä–∞–≤–Ω–µ–Ω–∏–µ –∫–æ–Ω—Ç—Ä–æ–ª—å–Ω—ã—Ö —Å—É–º–º","–†–∞–∑—Ä–µ—à–∞–µ—Ç—Å—è –≤—Ä—É—á–Ω—É—é","–ü—Ä–∏–Ω—Ü–∏–ø –Ω–∞–∏–º–µ–Ω—å—à–∏—Ö –ø—Ä–∏–≤–∏–ª–µ–≥–∏–π","–ü—Ä–∏–Ω—Ü–∏–ø –Ω–∞–∏–º–µ–Ω—å—à–∏—Ö –ø—Ä–∏–≤–∏–ª–µ–≥–∏–π (PoLP)","",""
"2025/10/21 11:17:47 AM GMT+3","SQL-–±–∞–∑—ã","–í–∞–∂–Ω–æ","–ò–Ω—Ç–µ–≥—Ä–∞—Ü–∏–æ–Ω–Ω–∞—è —à–∏–Ω–∞ (EBS)","–ü–æ–ª–Ω–æ—Å—Ç—å—é —É–¥–æ–≤–ª–µ—Ç–≤–æ—Ä—è—é—Ç","–ü–µ—Ä–∏–æ–¥–∏—á–µ—Å–∫–∏","–î—É–±–ª–∏–∫–∞—Ç—ã –¥–∞–Ω–Ω—ã—Ö","–ï—Å—Ç—å –æ–ø–∏—Å–∞–Ω–Ω—ã–µ –ø—Ä–æ—Ü–µ—Å—Å—ã","–ò—Å–ø–æ–ª—å–∑—É—é—Ç—Å—è –ø—Ä–∞–≤–∏–ª–∞ –≤–∞–ª–∏–¥–∞—Ü–∏–∏ –¥–∞–Ω–Ω—ã—Ö","–û–±—ä–µ–¥–∏–Ω–µ–Ω–∏–µ –¥–∞–Ω–Ω—ã—Ö","–ú–∞—Å–∫–∏—Ä–æ–≤–∞–Ω–∏–µ, —Ç–æ–∫–µ–Ω–∏–∑–∞—Ü–∏—è, –∞–Ω–æ–Ω–∏–º–∏–∑–∞—Ü–∏—è","–†–æ–ª–µ–≤–∞—è –º–æ–¥–µ–ª—å –¥–æ—Å—Ç—É–ø–∞ (RBAC)","",""
"2025/10/21 11:18:17 AM GMT+3","SQL-–±–∞–∑—ã","–ö—Ä–∏—Ç–∏—á–Ω–æ","–ú–∏–∫—Ä–æ—Å–µ—Ä–≤–∏—Å—ã","–ü–æ–ª–Ω–æ—Å—Ç—å—é —É–¥–æ–≤–ª–µ—Ç–≤–æ—Ä—è—é—Ç","–ü–µ—Ä–∏–æ–¥–∏—á–µ—Å–∫–∏","–ù–µ–∫–æ—Ä—Ä–µ–∫—Ç–Ω—ã–µ –∑–Ω–∞—á–µ–Ω–∏—è","–ï—Å—Ç—å –æ–±–∞ –≤–∞—Ä–∏–∞–Ω—Ç–∞","–ò—Å–ø–æ–ª—å–∑—É–µ—Ç—Å—è —Ä–µ–≥—É–ª—è—Ä–Ω—ã–π –∞—É–¥–∏—Ç","–û–±—ä–µ–¥–∏–Ω–µ–Ω–∏–µ –¥–∞–Ω–Ω—ã—Ö","–î–≤—É—Ö—Ñ–∞–∫—Ç–æ—Ä–Ω–∞—è –∞—É—Ç–µ–Ω—Ç–∏—Ñ–∏–∫–∞—Ü–∏—è","–ü—Ä–∏–Ω—Ü–∏–ø –Ω–∞–∏–º–µ–Ω—å—à–∏—Ö –ø—Ä–∏–≤–∏–ª–µ–≥–∏–π (PoLP)","",""
"2025/10/21 11:19:01 AM GMT+3","SQL-–±–∞–∑—ã","–ù–µ –æ—á–µ–Ω—å –≤–∞–∂–Ω–æ","API-–∏–Ω—Ç–µ–≥—Ä–∞—Ü–∏—è","–û–≥—Ä–∞–Ω–∏—á–∏–≤–∞—é—Ç –≤–æ–∑–º–æ–∂–Ω–æ—Å—Ç–∏","–†–µ–¥–∫–æ","–ù–µ—Å–æ–æ—Ç–≤–µ—Ç—Å—Ç–≤–∏–µ —Ñ–æ—Ä–º–∞—Ç–æ–≤","–ï—Å—Ç—å –æ–±–∞ –≤–∞—Ä–∏–∞–Ω—Ç–∞","–ò—Å–ø–æ–ª—å–∑—É–µ—Ç—Å—è —Å—Ä–∞–≤–Ω–µ–Ω–∏–µ –∫–æ–Ω—Ç—Ä–æ–ª—å–Ω—ã—Ö —Å—É–º–º","–û–±—ä–µ–¥–∏–Ω–µ–Ω–∏–µ –¥–∞–Ω–Ω—ã—Ö","–®–∏—Ñ—Ä–æ–≤–∞–Ω–∏–µ","–î–µ—Ç–∞–ª–∏–∑–∞—Ü–∏—è –¥–æ—Å—Ç—É–ø–∞ –Ω–∞ —É—Ä–æ–≤–Ω–µ –¥–∞–Ω–Ω—ã—Ö","",""
"2025/10/21 11:19:35 AM GMT+3","ERP","–ù–µ –æ—á–µ–Ω—å –≤–∞–∂–Ω–æ","–ú–∏–∫—Ä–æ—Å–µ—Ä–≤–∏—Å—ã","–°–∫–æ—Ä–µ–µ –Ω–µ —É–¥–æ–≤–ª–µ—Ç–≤–æ—Ä—è—é—Ç","–ü–æ—Å—Ç–æ—è–Ω–Ω–æ","–ü—Ä–æ–ø—É—Å–∫–∏ –¥–∞–Ω–Ω—ã—Ö","–ï—Å—Ç—å –ø–µ—Ä–µ—á–µ–Ω—å –ø—Ä–∞–≤–∏–ª","–ò—Å–ø–æ–ª—å–∑—É—é—Ç—Å—è –ø—Ä–∞–≤–∏–ª–∞ –≤–∞–ª–∏–¥–∞—Ü–∏–∏ –¥–∞–Ω–Ω—ã—Ö","–û–±—ä–µ–¥–∏–Ω–µ–Ω–∏–µ –¥–∞–Ω–Ω—ã—Ö","–ú–∞—Å–∫–∏—Ä–æ–≤–∞–Ω–∏–µ, —Ç–æ–∫–µ–Ω–∏–∑–∞—Ü–∏—è, –∞–Ω–æ–Ω–∏–º–∏–∑–∞—Ü–∏—è","–î–µ—Ç–∞–ª–∏–∑–∞—Ü–∏—è –¥–æ—Å—Ç—É–ø–∞ –Ω–∞ —É—Ä–æ–≤–Ω–µ –¥–∞–Ω–Ω—ã—Ö","",""
"2025/10/21 11:20:02 AM GMT+3","CRM","–ù–µ –æ—á–µ–Ω—å –≤–∞–∂–Ω–æ","–ò–Ω—Ç–µ–≥—Ä–∞—Ü–∏–æ–Ω–Ω–∞—è —à–∏–Ω–∞ (EBS)","–°–∫–æ—Ä–µ–µ –Ω–µ —É–¥–æ–≤–ª–µ—Ç–≤–æ—Ä—è—é—Ç","–ü–µ—Ä–∏–æ–¥–∏—á–µ—Å–∫–∏","–ù–µ—Å–æ–æ—Ç–≤–µ—Ç—Å—Ç–≤–∏–µ —Ñ–æ—Ä–º–∞—Ç–æ–≤","–ï—Å—Ç—å –æ–ø–∏—Å–∞–Ω–Ω—ã–µ –ø—Ä–æ—Ü–µ—Å—Å—ã","–ò—Å–ø–æ–ª—å–∑—É–µ—Ç—Å—è —Å—Ä–∞–≤–Ω–µ–Ω–∏–µ –∫–æ–Ω—Ç—Ä–æ–ª—å–Ω—ã—Ö —Å—É–º–º","–†–∞–∑—Ä–µ—à–∞–µ—Ç—Å—è –≤—Ä—É—á–Ω—É—é","–î–≤—É—Ö—Ñ–∞–∫—Ç–æ—Ä–Ω–∞—è –∞—É—Ç–µ–Ω—Ç–∏—Ñ–∏–∫–∞—Ü–∏—è","–ü—Ä–∏–Ω—Ü–∏–ø –Ω–∞–∏–º–µ–Ω—å—à–∏—Ö –ø—Ä–∏–≤–∏–ª–µ–≥–∏–π (PoLP)","",""
"2025/10/21 11:20:46 AM GMT+3","CRM","–ù–µ –æ—á–µ–Ω—å –≤–∞–∂–Ω–æ","–ú–∏–∫—Ä–æ—Å–µ—Ä–≤–∏—Å—ã","–°–∫–æ—Ä–µ–µ —É–¥–æ–≤–ª–µ—Ç–≤–æ—Ä—è—é—Ç","–ù–µ —Å—Ç–∞–ª–∫–∏–≤–∞—é—Å—å","–ù–µ–∫–æ—Ä—Ä–µ–∫—Ç–Ω—ã–µ –∑–Ω–∞—á–µ–Ω–∏—è","–ï—Å—Ç—å –æ–ø–∏—Å–∞–Ω–Ω—ã–µ –ø—Ä–æ—Ü–µ—Å—Å—ã","–ò—Å–ø–æ–ª—å–∑—É–µ—Ç—Å—è —Å—Ä–∞–≤–Ω–µ–Ω–∏–µ –∫–æ–Ω—Ç—Ä–æ–ª—å–Ω—ã—Ö —Å—É–º–º","–†–∞–∑—Ä–µ—à–∞–µ—Ç—Å—è –≤—Ä—É—á–Ω—É—é","–°—Ç—Ä–æ–≥–∏–µ –ø–æ–ª–∏—Ç–∏–∫–∏ –ø–∞—Ä–æ–ª–µ–π","–î–µ—Ç–∞–ª–∏–∑–∞—Ü–∏—è –¥–æ—Å—Ç—É–ø–∞ –Ω–∞ —É—Ä–æ–≤–Ω–µ –¥–∞–Ω–Ω—ã—Ö","",""
"2025/10/22 12:33:33 PM GMT+3","ERP;SQL-–±–∞–∑—ã;Excel","–í–∞–∂–Ω–æ","API-–∏–Ω—Ç–µ–≥—Ä–∞—Ü–∏—è;–§–∞–π–ª–æ–≤—ã–π –æ–±–º–µ–Ω","–°–∫–æ—Ä–µ–µ —É–¥–æ–≤–ª–µ—Ç–≤–æ—Ä—è—é—Ç","–ü–æ—Å—Ç–æ—è–Ω–Ω–æ","–î—É–±–ª–∏–∫–∞—Ç—ã –¥–∞–Ω–Ω—ã—Ö;–ü—Ä–æ–ø—É—Å–∫–∏ –¥–∞–Ω–Ω—ã—Ö","–ï—Å—Ç—å –æ–ø–∏—Å–∞–Ω–Ω—ã–µ –ø—Ä–æ—Ü–µ—Å—Å—ã","–ò—Å–ø–æ–ª—å–∑—É–µ—Ç—Å—è –º–æ–Ω–∏—Ç–æ—Ä–∏–Ω–≥ –∏ –ª–æ–≥–∏—Ä–æ–≤–∞–Ω–∏–µ","–†–∞–∑—Ä–µ—à–∞–µ—Ç—Å—è –≤—Ä—É—á–Ω—É—é;–ü—Ä–∏–º–µ–Ω–µ–Ω–∏–µ –±–∏–∑–Ω–µ—Å-–ø—Ä–∞–≤–∏–ª","–î–≤—É—Ö—Ñ–∞–∫—Ç–æ—Ä–Ω–∞—è –∞—É—Ç–µ–Ω—Ç–∏—Ñ–∏–∫–∞—Ü–∏—è;–°—Ç—Ä–æ–≥–∏–µ –ø–æ–ª–∏—Ç–∏–∫–∏ –ø–∞—Ä–æ–ª–µ–π","–î–µ—Ç–∞–ª–∏–∑–∞—Ü–∏—è –¥–æ—Å—Ç—É–ø–∞ –Ω–∞ —É—Ä–æ–≤–Ω–µ –¥–∞–Ω–Ω—ã—Ö","",""
"2025/10/22 1:04:22 PM GMT+3","ERP;Excel","–í–∞–∂–Ω–æ","API-–∏–Ω—Ç–µ–≥—Ä–∞—Ü–∏—è;–ò–Ω—Ç–µ–≥—Ä–∞—Ü–∏–æ–Ω–Ω–∞—è —à–∏–Ω–∞ (EBS)","–°–∫–æ—Ä–µ–µ —É–¥–æ–≤–ª–µ—Ç–≤–æ—Ä—è—é—Ç","–†–µ–¥–∫–æ","–î—É–±–ª–∏–∫–∞—Ç—ã –¥–∞–Ω–Ω—ã—Ö","–ï—Å—Ç—å –ø–µ—Ä–µ—á–µ–Ω—å –ø—Ä–∞–≤–∏–ª","–ò—Å–ø–æ–ª—å–∑—É–µ—Ç—Å—è –º–æ–Ω–∏—Ç–æ—Ä–∏–Ω–≥ –∏ –ª–æ–≥–∏—Ä–æ–≤–∞–Ω–∏–µ","–ü—Ä–∏–æ—Ä–∏—Ç–µ—Ç –∏—Å—Ç–æ—á–Ω–∏–∫–∞ (¬´Last-Write-Wins¬ª);–†–∞–∑—Ä–µ—à–∞–µ—Ç—Å—è –≤—Ä—É—á–Ω—É—é","–î–≤—É—Ö—Ñ–∞–∫—Ç–æ—Ä–Ω–∞—è –∞—É—Ç–µ–Ω—Ç–∏—Ñ–∏–∫–∞—Ü–∏—è;–°—Ç—Ä–æ–≥–∏–µ –ø–æ–ª–∏—Ç–∏–∫–∏ –ø–∞—Ä–æ–ª–µ–π","–†–æ–ª–µ–≤–∞—è –º–æ–¥–µ–ª—å –¥–æ—Å—Ç—É–ø–∞ (RBAC)","–£–¥–∞–ª–µ–Ω–∏–µ –¥—É–±–ª–∏–∫–∞—Ç–æ–≤","–û–¥–Ω–æ–∑–Ω–∞—á–Ω–æ—Å—Ç—å –¥–∞–Ω–Ω—ã—Ö, –º–µ–Ω—å—à–µ–µ –≤—Ä–µ–º—è –Ω–∞ —Ä–∞–∑—Ä–∞–±–æ—Ç–∫—É –Ω–æ–≤—ã—Ö –∏–Ω—Ç–µ–≥—Ä–∞—Ü–∏–π"
"2025/10/27 8:37:50 AM GMT+3","CRM;–û–±–ª–∞—á–Ω—ã–µ —Å–µ—Ä–≤–∏—Å—ã","–ù–µ –≤–∞–∂–Ω–æ","ETL;API-–∏–Ω—Ç–µ–≥—Ä–∞—Ü–∏—è;–§–∞–π–ª–æ–≤—ã–π –æ–±–º–µ–Ω","–û–≥—Ä–∞–Ω–∏—á–∏–≤–∞—é—Ç –≤–æ–∑–º–æ–∂–Ω–æ—Å—Ç–∏","–ü–µ—Ä–∏–æ–¥–∏—á–µ—Å–∫–∏","–ü—Ä–æ–ø—É—Å–∫–∏ –¥–∞–Ω–Ω—ã—Ö;–ù–µ—Å–æ–æ—Ç–≤–µ—Ç—Å—Ç–≤–∏–µ —Ñ–æ—Ä–º–∞—Ç–æ–≤","–ù–∏—á–µ–≥–æ –∏–∑ –≤—ã—à–µ –ø–µ—Ä–µ—á–∏—Å–ª–µ–Ω–Ω–æ–≥–æ","–ò—Å–ø–æ–ª—å–∑—É–µ—Ç—Å—è –º–æ–Ω–∏—Ç–æ—Ä–∏–Ω–≥ –∏ –ª–æ–≥–∏—Ä–æ–≤–∞–Ω–∏–µ;–ò—Å–ø–æ–ª—å–∑—É–µ—Ç—Å—è —Å—Ä–∞–≤–Ω–µ–Ω–∏–µ –∫–æ–Ω—Ç—Ä–æ–ª—å–Ω—ã—Ö —Å—É–º–º","–ü—Ä–∏–æ—Ä–∏—Ç–µ—Ç –∏—Å—Ç–æ—á–Ω–∏–∫–∞ (¬´Last-Write-Wins¬ª);–†–∞–∑—Ä–µ—à–∞–µ—Ç—Å—è –≤—Ä—É—á–Ω—É—é;–ü—Ä–∏–º–µ–Ω–µ–Ω–∏–µ –±–∏–∑–Ω–µ—Å-–ø—Ä–∞–≤–∏–ª;–í–µ–∫—Ç–æ—Ä—ã –≤–µ—Ä—Å–∏–π –∏ CRDTs","–®–∏—Ñ—Ä–æ–≤–∞–Ω–∏–µ;–°—Ç—Ä–æ–≥–∏–µ –ø–æ–ª–∏—Ç–∏–∫–∏ –ø–∞—Ä–æ–ª–µ–π;–ü—Ä–∏–Ω—Ü–∏–ø –Ω–∞–∏–º–µ–Ω—å—à–∏—Ö –ø—Ä–∏–≤–∏–ª–µ–≥–∏–π","–†–æ–ª–µ–≤–∞—è –º–æ–¥–µ–ª—å –¥–æ—Å—Ç—É–ø–∞ (RBAC);–î–µ—Ç–∞–ª–∏–∑–∞—Ü–∏—è –¥–æ—Å—Ç—É–ø–∞ –Ω–∞ —É—Ä–æ–≤–Ω–µ –¥–∞–Ω–Ω—ã—Ö;–ö–æ–Ω—Ç—Ä–æ–ª—å –¥–æ—Å—Ç—É–ø–∞ –Ω–∞ –æ—Å–Ω–æ–≤–µ –∞—Ç—Ä–∏–±—É—Ç–æ–≤ (ABAC)","",""
"2025/10/27 8:38:21 AM GMT+3","SQL-–±–∞–∑—ã;1–°","–ö—Ä–∏—Ç–∏—á–Ω–æ","ETL;API-–∏–Ω—Ç–µ–≥—Ä–∞—Ü–∏—è;–ò–Ω—Ç–µ–≥—Ä–∞—Ü–∏–æ–Ω–Ω–∞—è —à–∏–Ω–∞ (EBS);–ú–∏–∫—Ä–æ—Å–µ—Ä–≤–∏—Å—ã;–§–∞–π–ª–æ–≤—ã–π –æ–±–º–µ–Ω;–†—É—á–Ω–æ–µ –≤—ã–ø–æ–ª–Ω–µ–Ω–∏–µ","–°–∫–æ—Ä–µ–µ –Ω–µ —É–¥–æ–≤–ª–µ—Ç–≤–æ—Ä—è—é—Ç","–ü–µ—Ä–∏–æ–¥–∏—á–µ—Å–∫–∏","–î—É–±–ª–∏–∫–∞—Ç—ã –¥–∞–Ω–Ω—ã—Ö;–ü—Ä–æ–ø—É—Å–∫–∏ –¥–∞–Ω–Ω—ã—Ö;–ù–µ–∫–æ—Ä—Ä–µ–∫—Ç–Ω—ã–µ –∑–Ω–∞—á–µ–Ω–∏—è;–ù–µ—Å–æ–æ—Ç–≤–µ—Ç—Å—Ç–≤–∏–µ —Ñ–æ—Ä–º–∞—Ç–æ–≤","–ï—Å—Ç—å –ø–µ—Ä–µ—á–µ–Ω—å –ø—Ä–∞–≤–∏–ª","–ò—Å–ø–æ–ª—å–∑—É—é—Ç—Å—è –ø—Ä–∞–≤–∏–ª–∞ –≤–∞–ª–∏–¥–∞—Ü–∏–∏ –¥–∞–Ω–Ω—ã—Ö","–ü—Ä–∏–æ—Ä–∏—Ç–µ—Ç –∏—Å—Ç–æ—á–Ω–∏–∫–∞ (¬´Last-Write-Wins¬ª);–ü—Ä–∏–º–µ–Ω–µ–Ω–∏–µ –±–∏–∑–Ω–µ—Å-–ø—Ä–∞–≤–∏–ª","–®–∏—Ñ—Ä–æ–≤–∞–Ω–∏–µ;–ü—Ä–∏–Ω—Ü–∏–ø –Ω–∞–∏–º–µ–Ω—å—à–∏—Ö –ø—Ä–∏–≤–∏–ª–µ–≥–∏–π","–ö–æ–Ω—Ç—Ä–æ–ª—å –¥–æ—Å—Ç—É–ø–∞ –Ω–∞ –æ—Å–Ω–æ–≤–µ –∞—Ç—Ä–∏–±—É—Ç–æ–≤ (ABAC);–ê—É–¥–∏—Ç –∏ –º–æ–Ω–∏—Ç–æ—Ä–∏–Ω–≥ –¥–æ—Å—Ç—É–ø–∞;–£–ø—Ä–∞–≤–ª–µ–Ω–∏–µ –∂–∏–∑–Ω–µ–Ω–Ω—ã–º —Ü–∏–∫–ª–æ–º –¥–æ—Å—Ç—É–ø–∞","",""
"2025/10/27 8:38:56 AM GMT+3","CRM;ERP;SQL-–±–∞–∑—ã","–ö—Ä–∏—Ç–∏—á–Ω–æ","ETL;–ú–∏–∫—Ä–æ—Å–µ—Ä–≤–∏—Å—ã;–§–∞–π–ª–æ–≤—ã–π –æ–±–º–µ–Ω;–≠–î–û","–ü–æ–ª–Ω–æ—Å—Ç—å—é —É–¥–æ–≤–ª–µ—Ç–≤–æ—Ä—è—é—Ç","–ù–µ —Å—Ç–∞–ª–∫–∏–≤–∞—é—Å—å","–î—É–±–ª–∏–∫–∞—Ç—ã –¥–∞–Ω–Ω—ã—Ö;–ü—Ä–æ–ø—É—Å–∫–∏ –¥–∞–Ω–Ω—ã—Ö;–ù–µ—Å–æ–æ—Ç–≤–µ—Ç—Å—Ç–≤–∏–µ —Ñ–æ—Ä–º–∞—Ç–æ–≤","–ï—Å—Ç—å –ø–µ—Ä–µ—á–µ–Ω—å –ø—Ä–∞–≤–∏–ª","–ò—Å–ø–æ–ª—å–∑—É—é—Ç—Å—è –ø—Ä–∞–≤–∏–ª–∞ –≤–∞–ª–∏–¥–∞—Ü–∏–∏ –¥–∞–Ω–Ω—ã—Ö;–ò—Å–ø–æ–ª—å–∑—É–µ—Ç—Å—è –º–æ–Ω–∏—Ç–æ—Ä–∏–Ω–≥ –∏ –ª–æ–≥–∏—Ä–æ–≤–∞–Ω–∏–µ","–ü—Ä–∏–æ—Ä–∏—Ç–µ—Ç –∏—Å—Ç–æ—á–Ω–∏–∫–∞ (¬´Last-Write-Wins¬ª);–ê—Ä–±–∏—Ç—Ä–∞–∂","–î–≤—É—Ö—Ñ–∞–∫—Ç–æ—Ä–Ω–∞—è –∞—É—Ç–µ–Ω—Ç–∏—Ñ–∏–∫–∞—Ü–∏—è;–°—Ç—Ä–æ–≥–∏–µ –ø–æ–ª–∏—Ç–∏–∫–∏ –ø–∞—Ä–æ–ª–µ–π","–†–æ–ª–µ–≤–∞—è –º–æ–¥–µ–ª—å –¥–æ—Å—Ç—É–ø–∞ (RBAC);–ü—Ä–∏–Ω—Ü–∏–ø –Ω–∞–∏–º–µ–Ω—å—à–∏—Ö –ø—Ä–∏–≤–∏–ª–µ–≥–∏–π (PoLP)","",""
"2025/10/27 8:39:42 AM GMT+3","CRM;–û–±–ª–∞—á–Ω—ã–µ —Å–µ—Ä–≤–∏—Å—ã;Excel","–ù–µ –≤–∞–∂–Ω–æ","ETL;API-–∏–Ω—Ç–µ–≥—Ä–∞—Ü–∏—è;–ò–Ω—Ç–µ–≥—Ä–∞—Ü–∏–æ–Ω–Ω–∞—è —à–∏–Ω–∞ (EBS);–ú–∏–∫—Ä–æ—Å–µ—Ä–≤–∏—Å—ã","–°–∫–æ—Ä–µ–µ —É–¥–æ–≤–ª–µ—Ç–≤–æ—Ä—è—é—Ç","–ù–µ —Å—Ç–∞–ª–∫–∏–≤–∞—é—Å—å","–î—É–±–ª–∏–∫–∞—Ç—ã –¥–∞–Ω–Ω—ã—Ö;–ü—Ä–æ–ø—É—Å–∫–∏ –¥–∞–Ω–Ω—ã—Ö;–ù–µ–∫–æ—Ä—Ä–µ–∫—Ç–Ω—ã–µ –∑–Ω–∞—á–µ–Ω–∏—è","–ï—Å—Ç—å –æ–±–∞ –≤–∞—Ä–∏–∞–Ω—Ç–∞","–ò—Å–ø–æ–ª—å–∑—É–µ—Ç—Å—è –º–æ–Ω–∏—Ç–æ—Ä–∏–Ω–≥ –∏ –ª–æ–≥–∏—Ä–æ–≤–∞–Ω–∏–µ;–ò—Å–ø–æ–ª—å–∑—É–µ—Ç—Å—è —Å—Ä–∞–≤–Ω–µ–Ω–∏–µ –∫–æ–Ω—Ç—Ä–æ–ª—å–Ω—ã—Ö —Å—É–º–º","–ü—Ä–∏–æ—Ä–∏—Ç–µ—Ç –∏—Å—Ç–æ—á–Ω–∏–∫–∞ (¬´Last-Write-Wins¬ª);–û–±—ä–µ–¥–∏–Ω–µ–Ω–∏–µ –¥–∞–Ω–Ω—ã—Ö;–†–∞–∑—Ä–µ—à–∞–µ—Ç—Å—è –≤—Ä—É—á–Ω—É—é;–í–µ–∫—Ç–æ—Ä—ã –≤–µ—Ä—Å–∏–π –∏ CRDTs","–®–∏—Ñ—Ä–æ–≤–∞–Ω–∏–µ;–î–≤—É—Ö—Ñ–∞–∫—Ç–æ—Ä–Ω–∞—è –∞—É—Ç–µ–Ω—Ç–∏—Ñ–∏–∫–∞—Ü–∏—è;–°—Ç—Ä–æ–≥–∏–µ –ø–æ–ª–∏—Ç–∏–∫–∏ –ø–∞—Ä–æ–ª–µ–π","–†–æ–ª–µ–≤–∞—è –º–æ–¥–µ–ª—å –¥–æ—Å—Ç—É–ø–∞ (RBAC);–ü—Ä–∏–Ω—Ü–∏–ø –Ω–∞–∏–º–µ–Ω—å—à–∏—Ö –ø—Ä–∏–≤–∏–ª–µ–≥–∏–π (PoLP);–î–µ—Ç–∞–ª–∏–∑–∞—Ü–∏—è –¥–æ—Å—Ç—É–ø–∞ –Ω–∞ —É—Ä–æ–≤–Ω–µ –¥–∞–Ω–Ω—ã—Ö;–ö–æ–Ω—Ç—Ä–æ–ª—å –¥–æ—Å—Ç—É–ø–∞ –Ω–∞ –æ—Å–Ω–æ–≤–µ –∞—Ç—Ä–∏–±—É—Ç–æ–≤ (ABAC);–ê—É–¥–∏—Ç –∏ –º–æ–Ω–∏—Ç–æ—Ä–∏–Ω–≥ –¥–æ—Å—Ç—É–ø–∞;–£–ø—Ä–∞–≤–ª–µ–Ω–∏–µ –∂–∏–∑–Ω–µ–Ω–Ω—ã–º —Ü–∏–∫–ª–æ–º –¥–æ—Å—Ç—É–ø–∞","",""
"2025/10/27 8:40:07 AM GMT+3","CRM;–û–±–ª–∞—á–Ω—ã–µ —Å–µ—Ä–≤–∏—Å—ã;1–°","–ù–µ –≤–∞–∂–Ω–æ","ETL;–ú–∏–∫—Ä–æ—Å–µ—Ä–≤–∏—Å—ã;–†—É—á–Ω–æ–µ –≤—ã–ø–æ–ª–Ω–µ–Ω–∏–µ","–°–∫–æ—Ä–µ–µ –Ω–µ —É–¥–æ–≤–ª–µ—Ç–≤–æ—Ä—è—é—Ç","–ü–æ—Å—Ç–æ—è–Ω–Ω–æ","–î—É–±–ª–∏–∫–∞—Ç—ã –¥–∞–Ω–Ω—ã—Ö;–ü—Ä–æ–ø—É—Å–∫–∏ –¥–∞–Ω–Ω—ã—Ö","–ù–∏—á–µ–≥–æ –∏–∑ –≤—ã—à–µ –ø–µ—Ä–µ—á–∏—Å–ª–µ–Ω–Ω–æ–≥–æ","–ò—Å–ø–æ–ª—å–∑—É–µ—Ç—Å—è –º–æ–Ω–∏—Ç–æ—Ä–∏–Ω–≥ –∏ –ª–æ–≥–∏—Ä–æ–≤–∞–Ω–∏–µ;–ò—Å–ø–æ–ª—å–∑—É–µ—Ç—Å—è —Å—Ä–∞–≤–Ω–µ–Ω–∏–µ –∫–æ–Ω—Ç—Ä–æ–ª—å–Ω—ã—Ö —Å—É–º–º","–ê—Ä–±–∏—Ç—Ä–∞–∂;–í–µ–∫—Ç–æ—Ä—ã –≤–µ—Ä—Å–∏–π –∏ CRDTs","–î–≤—É—Ö—Ñ–∞–∫—Ç–æ—Ä–Ω–∞—è –∞—É—Ç–µ–Ω—Ç–∏—Ñ–∏–∫–∞—Ü–∏—è","–†–æ–ª–µ–≤–∞—è –º–æ–¥–µ–ª—å –¥–æ—Å—Ç—É–ø–∞ (RBAC);–î–µ—Ç–∞–ª–∏–∑–∞—Ü–∏—è –¥–æ—Å—Ç—É–ø–∞ –Ω–∞ —É—Ä–æ–≤–Ω–µ –¥–∞–Ω–Ω—ã—Ö","",""
"2025/10/27 8:40:50 AM GMT+3","CRM;ERP;SQL-–±–∞–∑—ã;Excel;1–°","–ö—Ä–∏—Ç–∏—á–Ω–æ","API-–∏–Ω—Ç–µ–≥—Ä–∞—Ü–∏—è;–ú–∏–∫—Ä–æ—Å–µ—Ä–≤–∏—Å—ã;–§–∞–π–ª–æ–≤—ã–π –æ–±–º–µ–Ω","–°–∫–æ—Ä–µ–µ –Ω–µ —É–¥–æ–≤–ª–µ—Ç–≤–æ—Ä—è—é—Ç","–ü–µ—Ä–∏–æ–¥–∏—á–µ—Å–∫–∏","–î—É–±–ª–∏–∫–∞—Ç—ã –¥–∞–Ω–Ω—ã—Ö;–ù–µ–∫–æ—Ä—Ä–µ–∫—Ç–Ω—ã–µ –∑–Ω–∞—á–µ–Ω–∏—è;–ù–µ—Å–æ–æ—Ç–≤–µ—Ç—Å—Ç–≤–∏–µ —Ñ–æ—Ä–º–∞—Ç–æ–≤","–ï—Å—Ç—å –æ–±–∞ –≤–∞—Ä–∏–∞–Ω—Ç–∞","–ò—Å–ø–æ–ª—å–∑—É–µ—Ç—Å—è –º–æ–Ω–∏—Ç–æ—Ä–∏–Ω–≥ –∏ –ª–æ–≥–∏—Ä–æ–≤–∞–Ω–∏–µ;–ò—Å–ø–æ–ª—å–∑—É–µ—Ç—Å—è —Å—Ä–∞–≤–Ω–µ–Ω–∏–µ –∫–æ–Ω—Ç—Ä–æ–ª—å–Ω—ã—Ö —Å—É–º–º","–ü—Ä–∏–æ—Ä–∏—Ç–µ—Ç –∏—Å—Ç–æ—á–Ω–∏–∫–∞ (¬´Last-Write-Wins¬ª);–†–∞–∑—Ä–µ—à–∞–µ—Ç—Å—è –≤—Ä—É—á–Ω—É—é;–ê—Ä–±–∏—Ç—Ä–∞–∂","–®–∏—Ñ—Ä–æ–≤–∞–Ω–∏–µ;–°—Ç—Ä–æ–≥–∏–µ –ø–æ–ª–∏—Ç–∏–∫–∏ –ø–∞—Ä–æ–ª–µ–π;–ü—Ä–∏–Ω—Ü–∏–ø –Ω–∞–∏–º–µ–Ω—å—à–∏—Ö –ø—Ä–∏–≤–∏–ª–µ–≥–∏–π","–†–æ–ª–µ–≤–∞—è –º–æ–¥–µ–ª—å –¥–æ—Å—Ç—É–ø–∞ (RBAC);–î–µ—Ç–∞–ª–∏–∑–∞—Ü–∏—è –¥–æ—Å—Ç—É–ø–∞ –Ω–∞ —É—Ä–æ–≤–Ω–µ –¥–∞–Ω–Ω—ã—Ö;–ê—É–¥–∏—Ç –∏ –º–æ–Ω–∏—Ç–æ—Ä–∏–Ω–≥ –¥–æ—Å—Ç—É–ø–∞","",""
"2025/10/27 8:41:45 AM GMT+3","–û–±–ª–∞—á–Ω—ã–µ —Å–µ—Ä–≤–∏—Å—ã;Excel;–ö–Ω–∏–≥–∏ —É—á–µ—Ç–∞","–ù–µ –æ—á–µ–Ω—å –≤–∞–∂–Ω–æ","–§–∞–π–ª–æ–≤—ã–π –æ–±–º–µ–Ω;–†—É—á–Ω–æ–µ –≤—ã–ø–æ–ª–Ω–µ–Ω–∏–µ","–û–≥—Ä–∞–Ω–∏—á–∏–≤–∞—é—Ç –≤–æ–∑–º–æ–∂–Ω–æ—Å—Ç–∏","–ù–µ —Å—Ç–∞–ª–∫–∏–≤–∞—é—Å—å","–î—É–±–ª–∏–∫–∞—Ç—ã –¥–∞–Ω–Ω—ã—Ö;–ü—Ä–æ–ø—É—Å–∫–∏ –¥–∞–Ω–Ω—ã—Ö;–ù–µ–∫–æ—Ä—Ä–µ–∫—Ç–Ω—ã–µ –∑–Ω–∞—á–µ–Ω–∏—è","–ù–∏—á–µ–≥–æ –∏–∑ –≤—ã—à–µ –ø–µ—Ä–µ—á–∏—Å–ª–µ–Ω–Ω–æ–≥–æ","–ò—Å–ø–æ–ª—å–∑—É–µ—Ç—Å—è —Å—Ä–∞–≤–Ω–µ–Ω–∏–µ –∫–æ–Ω—Ç—Ä–æ–ª—å–Ω—ã—Ö —Å—É–º–º;–ò—Å–ø–æ–ª—å–∑—É–µ—Ç—Å—è —Ä–µ–≥—É–ª—è—Ä–Ω—ã–π –∞—É–¥–∏—Ç","–†–∞–∑—Ä–µ—à–∞–µ—Ç—Å—è –≤—Ä—É—á–Ω—É—é;–ü—Ä–∏–º–µ–Ω–µ–Ω–∏–µ –±–∏–∑–Ω–µ—Å-–ø—Ä–∞–≤–∏–ª","–ù–∏—á–µ–≥–æ","–ê—É–¥–∏—Ç –∏ –º–æ–Ω–∏—Ç–æ—Ä–∏–Ω–≥ –¥–æ—Å—Ç—É–ø–∞;–£–ø—Ä–∞–≤–ª–µ–Ω–∏–µ –∂–∏–∑–Ω–µ–Ω–Ω—ã–º —Ü–∏–∫–ª–æ–º –¥–æ—Å—Ç—É–ø–∞","",""